폭행,강도,살인,절도,금융,성범죄,교통,마약,방화,도박,인권,정치,산업,학대,괴롭힘,사이버
폭행,강도,살인,절도,사기,성폭력,교통,마약,방화,도박,인권,정치,산업,학대,괴롭힘,사이버
주먹,흉기,특수,현금,허위,강간,신호,성폭행,화염,현금,교사,부패,스파이,동물,따돌림,온라인
전치,특수,계획,카드,광고,음란물,주차,약물,화재,게임,학생,뇌물,방산,아동학대,학교,해킹
기사,우발,음주,금품,피싱,성폭행,정차,클럽,음주,학생,부모,기업,기업,어린아이,직장,영상
폭력,지갑,우발,소매치기,부동산,성범죄,추돌,조직,기름,불법 사이트,침해,청탁,중국,가족,이지매,보안
음주,강도 피해자',계획범죄,차량,대출,몰카,음주,외국인,문화제,사다리 타기,갑질,nbsp,유출,부모,폭행,다크웹
협박,강도 가해자,흉기,빠루,금융,성매매,국과수,국과수,산불,룰렛,학부모,공직자,특허,아동,집단,랜섬웨어
정방방위,강도 신고,둔기,탈세,사이버,유흥업소,운전대,마약 공급,숲 방화,온라인 도박,학교,nbsp,공장 오염,성 학대,사이버 괴롭힘,메타버스
신체 상해,강도 혐의,무기,절도 재산,보이스,유흥가,음주운전,마약 재활,차량 방화,스포츠 베팅,자살,정부,환경 범죄,가정 내 학대,신체적 괴롭힘,암호화폐
폭력 사건,강도 처벌,사제,절도 수사,피싱,청소년,들이받,마약 치료,방화 보험,포커,인권침해,직권남용,노동자 착취,노인 학대,정서적 괴롭힘,디지털
폭행 피해자,강도 대응,식칼,절도 방지,노인,미성년자,운전자,마약 제조,화재 보험,도박 피해,신상정보,대통령,시장 조작,사이버 학대,괴롭힘 상담,이메일
폭행 가해자,강도 예방,살인 예방,절도 처벌,전화,불법촬영,취한,마약 혐의,방화 범죄,도박 수익,갱생보호시설,nbsp,주가 조작,학대 재판,괴롭힘 처벌,개인정보 노출
폭행 혐의,강도 단속,살인 동기,절도 신고,암호화폐,불법 촬영,취해,마약 가해자,방화 소방,불법 사행성,인권보호,nbsp,상표 침해,학대 수사,괴롭힘 사건,사이버 보안
폭행 예방,강도 대응,살인 가해자,절도 피해자,사기 피해자,성착취물,민식이법,마약 피해,소방 장치,도박 치료,얼굴공개,구청장,기술 유출,학대 상담,괴롭힘 예방,솔루션
학교 폭력,가도 방지,살인 피해자,절도 가해자,사기 가해자,성착취,도주,마약 사건,방화 피해,불법 경마,신상공개,시의원,퇴직금,학대 처벌,nbsp,사이버 테러
폭행 대응,강도 사건,살인 수단,절도 단속,사기 방지,화장실,혈중,마약 단속,방화 의도,도박 단속,nbsp,법무부,부정 경쟁,강아지,nbsp,디도스
뒤통수,칼 들고,살인 장소,물건 도난,사기 혐의,사생활,알코올 농도,마약 수사,방화 사건,도박 처벌,nbsp,사적,산업재해,고양이,nbsp,서버 공격
때린,증오 범죄,살인범,취해,사기 수법,몸캠,교통사고,코카인,방화 도구,도박 범죄,nbsp,특혜,노동,입양,nbsp,nbsp
때리고,nbsp,사형,취한,사기 사건,카메라,생활안전교통과,각성제,상습 방화,도박 빚,nbsp,nbsp,강제,애완동물,nbsp,nbsp
도주,nbsp,성폭행,nbsp,자산,모텔,교통경찰,필로폰,nbsp,도박 중독,nbsp,nbsp,기업,의붓,nbsp,nbsp
폭력조직,nbsp,시신을 유기,nbsp,지방세,스마트폰,고속도로순찰대,히로뽕,nbsp,카지노,nbsp,청와대,해고,정서 학대,nbsp,nbsp
을 던지,nbsp,시신을 옷장,nbsp,세금,웹하드,도로교통공단,마약 탐지견,nbsp,도박장,nbsp,시장,근로,학대 방조,nbsp,nbsp
술병,nbsp,피살,nbsp,납세,음란,운전면허,투약,nbsp,도박 상담,nbsp,도지사,재해,학대 신고,nbsp,nbsp
벽돌,nbsp,끔찍,nbsp,공문서,성추행,운전자,마약류,nbsp,도박 어플,nbsp,부정 선거,근로법,언어적 학대,nbsp,nbsp
조직적 불법행위,nbsp,구속,nbsp,만원,몰래,운전교습,마약 유통망,nbsp,배팅,nbsp,의혹,중대 재해,정신적 학대,nbsp,nbsp
nbsp,nbsp,집단폭행,nbsp,펀드,촬영,자량번호판,졸피뎀,nbsp,베팅,nbsp,공작,처벌법,장애인 학대,nbsp,nbsp
nbsp,nbsp,추락해,nbsp,주가조작,불법 카메라,도로교통법,대마,nbsp,슬롯,nbsp,선거법,nbsp,강제 노역,nbsp,nbsp
nbsp,nbsp,신상 공개,nbsp,횡령,몰래 카메라,nbsp,마약범죄사무국,nbsp,홀덤,nbsp,비리,nbsp,교육적 학대,nbsp,nbsp
nbsp,nbsp,시신을 훼손,nbsp,억원,조두순,nbsp,마약 복용,nbsp,경마,nbsp,횡령,nbsp,학대 사망,nbsp,nbsp
nbsp,nbsp,사체유기,nbsp,가로챈,nbsp,nbsp,nbsp,nbsp,도박 결제,nbsp,권력 남용,nbsp,학대 조사,nbsp,nbsp
